{
    "camera_0": {
        "serial_number": "242222071755",
        "camera_matrix": [
            [
                303.8103332519531,
                0.0,
                210.27703857421875
            ],
            [
                0.0,
                303.8776550292969,
                121.87843322753906
            ],
            [
                0.0,
                0.0,
                1.0
            ]
        ],
        "distortion_coefficients": [
            0.0,
            0.0,
            0.0,
            0.0,
            0.0
        ],
        "resolution": {
            "width": 424,
            "height": 240
        }
    },
    "camera_1": {
        "serial_number": "233522078014",
        "camera_matrix": [
            [
                303.9810485839844,
                0.0,
                217.0744171142578
            ],
            [
                0.0,
                304.179931640625,
                117.36945343017578
            ],
            [
                0.0,
                0.0,
                1.0
            ]
        ],
        "distortion_coefficients": [
            0.0,
            0.0,
            0.0,
            0.0,
            0.0
        ],
        "resolution": {
            "width": 424,
            "height": 240
        }
    },
    "camera_2": {
        "serial_number": "337122075635",
        "camera_matrix": [
            [
                302.4586486816406,
                0.0,
                206.98312377929688
            ],
            [
                0.0,
                302.5711975097656,
                125.2751235961914
            ],
            [
                0.0,
                0.0,
                1.0
            ]
        ],
        "distortion_coefficients": [
            0.0,
            0.0,
            0.0,
            0.0,
            0.0
        ],
        "resolution": {
            "width": 424,
            "height": 240
        }
    },
    "camera_3": {
        "serial_number": "337322074434",
        "camera_matrix": [
            [
                302.6016540527344,
                0.0,
                206.84524536132812
            ],
            [
                0.0,
                302.67803955078125,
                126.71935272216797
            ],
            [
                0.0,
                0.0,
                1.0
            ]
        ],
        "distortion_coefficients": [
            0.0,
            0.0,
            0.0,
            0.0,
            0.0
        ],
        "resolution": {
            "width": 424,
            "height": 240
        }
    }
}